#tic,upgraded
1582669980,
1582756380,
1582842780,
1582929180,
1583015580,
1583101980,
1583188380,
1583274780,
1583361180,
1583447580,
1583533980,
1583620380,
1583706780,
1583793180,
1583879580,
1583965980,
1584052380,
1584108780,
1584125180,
1584151580,
1584198962,4
1584268800,4
1584288038,4
1584294932,4
1584352858,4
1584364919,4
1584386580,4
1584402736,4
1584423421,4
1584430033,4
1584446343,4
1584456700,4
1584479620,15
1584510042,15
1584532606,15
1584533520,15
1584533682,15
1584557602,15
1584572400,15
1584625309,15
1584644950,15
1584710524,15
1584714574,15
1584734926,15
1584738521,15
1584766644,15
1584793353,15
1584798733,15
1584883681,131
1584907472,131
1584908096,131
1584908321,131
1584946339,131
1584963250,131
1584974288,131
1584974721,131
1584979277,131
1584979334,131
1585040369,131
1585047524,131
1585072347,131
1585096064,131
1585330043,897
1585330767,897
1585331266,897
1585383104,1530
1585395309,1530
1585396811,1530
1585452908,1530
1585453302,1530
1585453316,1530
1585454048,1530
1585454304,1530
1585454435,1530
1585542586,1595
